Company,Region,URL
JNE,Aceh,"https://www.google.com/maps/place/Kantor+Operasional+JNE+Aceh/@5.5421389,95.3292692,13z/data=!4m8!3m7!1s0x304039d48c9fc09f:0x80166e2246b7f236!8m2!3d5.5333985!4d95.3503656!9m1!1b1!16s%2Fg%2F11cjk25qcx?entry=ttu&g_ep=EgoyMDI1MDExNC4wIKXMDSoASAFQAw%3D%3D"
JNE,Sumatera Utara,"https://www.google.com/maps/place/JNE+Kantor+Cabang+Sumatera+Utara/@3.5635551,98.6874916,17z/data=!4m8!3m7!1s0x303131b55c873789:0xc5da3bc028e59e3f!8m2!3d3.5635497!4d98.6900665!9m1!1b1!16s%2Fg%2F1hm28hzf8?authuser=0&hl=id&entry=ttu&g_ep=EgoyMDI1MDExNS4wIKXMDSoASAFQAw%3D%3D"
JNE,Sumatera Barat,"https://www.google.com/maps/place/JNE+Kantor+Cabang+Sumatera+Barat/@-0.9631883,100.3544553,16.75z/data=!4m8!3m7!1s0x2fd4b956828cc9c3:0x66d15ce87e9c1b16!8m2!3d-0.9632594!4d100.3576863!9m1!1b1!16s%2Fg%2F1hm5q1j2z?authuser=0&hl=id&entry=ttu&g_ep=EgoyMDI1MDExNS4wIKXMDSoASAFQAw%3D%3D"
JNE,Riau,"https://www.google.com/maps/place/JNE+Warehouse+Pekanbaru/@0.4769029,101.4428192,16.42z/data=!4m18!1m9!3m8!1s0x303131b55c873789:0xc5da3bc028e59e3f!2sJNE+Kantor+Cabang+Sumatera+Utara!8m2!3d3.5635497!4d98.6900665!9m1!1b1!16s%2Fg%2F1hm28hzf8!3m7!1s0x31d5a97358891ccb:0xc9218351c637a5d5!8m2!3d0.4746946!4d101.4489108!9m1!1b1!16s%2Fg%2F1pzr9z83f?authuser=0&hl=id&entry=ttu&g_ep=EgoyMDI1MDExNS4wIKXMDSoASAFQAw%3D%3D"
JNE,Jambi,"https://www.google.com/maps/place/JNE+KANTOR+PUSAT+OPERASIONAL+JAMBI+PASIR+PUTIH/@-1.6239981,103.6400735,17.25z/data=!4m8!3m7!1s0x2e25863100000001:0xa7284d4e55397b76!8m2!3d-1.6237913!4d103.6420981!9m1!1b1!16s%2Fg%2F11rjw3d_hc?authuser=0&hl=id&entry=ttu&g_ep=EgoyMDI1MDExNS4wIKXMDSoASAFQAw%3D%3D"
JNE,Bengkulu,"https://www.google.com/maps/place/JNE+Agen+Utama+Bengkulu/@-3.8277923,102.2504068,13z/data=!4m8!3m7!1s0x2e36b0139918d2f1:0xd7947f2d1d069689!8m2!3d-3.8031951!4d102.2737992!9m1!1b1!16s%2Fg%2F1pzxq319d?entry=ttu&g_ep=EgoyMDI1MDExNS4wIKXMDSoASAFQAw%3D%3D"
JNE,Lampung,"https://www.google.com/maps/place/Warehouse+JNE+Branch+Bandar+Lampung/@-5.4072092,105.3091086,17z/data=!4m8!3m7!1s0x2e40dbc3fafcb72d:0x9fc11a80c48bc038!8m2!3d-5.4072092!4d105.3116835!9m1!1b1!16s%2Fg%2F11h5tyntfr?authuser=0&hl=id&entry=ttu&g_ep=EgoyMDI1MDExNS4wIKXMDSoASAFQAw%3D%3D"
JNE,Sumatera Selatan,"https://www.google.com/maps/place/JNE+Cabang+Utama+Mayor+Ruslan/@-2.9600438,104.7115752,13z/data=!4m8!3m7!1s0x2e3b7671b04533c1:0x1c7bd1b20097a0ed!8m2!3d-2.9748112!4d104.7549397!9m1!1b1!16s%2Fg%2F11g234zsbd?entry=ttu&g_ep=EgoyMDI1MDExNS4wIKXMDSoASAFQAw%3D%3D"
JNE,Bangka Belitung,"https://www.google.com/maps/place/JNE+Pusat+Cabang+Pangkal+Pinang/@-2.1295234,106.1053354,17z/data=!4m8!3m7!1s0x2e22c128fc2891ab:0xa9af35f2fda269ee!8m2!3d-2.1295234!4d106.1079103!9m1!1b1!16s%2Fg%2F11b6dfv12w?authuser=0&hl=id&entry=ttu&g_ep=EgoyMDI1MDExNS4wIKXMDSoASAFQAw%3D%3D"
JNE,Kepulauan Riau,"https://www.google.com/maps/place/JNE+Cabang+Batam+Tiban+Centre/@1.1128639,103.97886,17z/data=!4m8!3m7!1s0x31d98b922fc84dfb:0xfcd2c0bed534983!8m2!3d1.1128639!4d103.97886!9m1!1b1!16s%2Fg%2F11bcd_7b07?authuser=0&hl=id&entry=ttu&g_ep=EgoyMDI1MDExNS4wIKXMDSoASAFQAw%3D%3D"
JNE,Banten,"https://www.google.com/maps/place/JNE+Kantor+Perwakilan+Serang+Banten/@-6.1244367,106.1876607,17z/data=!4m8!3m7!1s0x2e4191d8f7e6e0f7:0xde93412c49e04873!8m2!3d-6.1244367!4d106.1876607!9m1!1b1!16s%2Fg%2F1ptzgrjmw?authuser=0&hl=id&entry=ttu&g_ep=EgoyMDI1MDExNS4wIKXMDSoASAFQAw%3D%3D"
JNE,DKI Jakarta,"https://www.google.com/maps/place/JNE+Garuda+Gudang+(HUB)/@-6.1616669,106.845405,17z/data=!4m8!3m7!1s0x2e69f5b9155505b3:0xbe6db8f6b97ffea4!8m2!3d-6.1616669!4d106.845405!9m1!1b1!16s%2Fg%2F11b7w2_c5g?authuser=0&hl=id&entry=ttu&g_ep=EgoyMDI1MDExNS4wIKXMDSoASAFQAw%3D%3D"
JNE,Jawa Barat,"https://www.google.com/maps/place/Gudang+JNE/@-6.3161516,107.2939225,17z/data=!4m8!3m7!1s0x2e6977ea5ffe2db9:0x6c7dbfdda5fd3bc4!8m2!3d-6.3161516!4d107.2939225!9m1!1b1!16s%2Fg%2F11bx8lhshj?authuser=0&hl=id&entry=ttu&g_ep=EgoyMDI1MDExNS4wIKXMDSoASAFQAw%3D%3D"
JNE,Jawa Tengah,"https://www.google.com/maps/place/Gudang+JNE+Madukoro/@-6.9630234,110.3991499,17z/data=!4m8!3m7!1s0x2e70f4c6e2bd9b57:0x60d3802b2fa34555!8m2!3d-6.9630234!4d110.3991499!9m1!1b1!16s%2Fg%2F11f3nlyr_h?authuser=0&hl=id&entry=ttu&g_ep=EgoyMDI1MDExNS4wIKXMDSoASAFQAw%3D%3D"
JNE,DIY Yogyakarta,"https://www.google.com/maps/place/JNE+Gudang+Gambiran/@-7.8171471,110.3907137,17z/data=!4m8!3m7!1s0x2e7a57129c46273f:0x78be45431d436299!8m2!3d-7.8171471!4d110.3907137!9m1!1b1!16s%2Fg%2F11b8_ptrjy?authuser=0&hl=id&entry=ttu&g_ep=EgoyMDI1MDExNS4wIKXMDSoASAFQAw%3D%3D"
JNE,Jawa Timur,"https://www.google.com/maps/place/JNE+Surabaya/@-7.37905,112.738332,17z/data=!4m8!3m7!1s0x2dd7e48d461e8b39:0x75ea0caab3c0d1d5!8m2!3d-7.37905!4d112.738332!9m1!1b1!16s%2Fg%2F11c20q5z1n?entry=ttu&g_ep=EgoyMDI1MDExNS4wIKXMDSoASAFQAw%3D%3D"
JNE,Bali,"https://www.google.com/maps/place/JNE+LOGISTIK+FSL+DPS/@-8.6401983,115.1973265,17z/data=!4m8!3m7!1s0x2dd23f4e37333d49:0xc24a6c14fa81da47!8m2!3d-8.6401983!4d115.1973265!9m1!1b1!16s%2Fg%2F11ckvwdw0s?entry=ttu&g_ep=EgoyMDI1MDExNS4wIKXMDSoASAFQAw%3D%3D"
JNE,NTT,"https://www.google.com/maps/place/JNE+Ruteng+Jl+Slamet+Riadi+no+20+kel.+Watu/@-8.6133069,120.4664698,17z/data=!4m8!3m7!1s0x2db3751e88d6b69b:0x5700304ba14ef063!8m2!3d-8.6133069!4d120.4664698!9m1!1b1!16s%2Fg%2F11mvy4mykt?entry=ttu&g_ep=EgoyMDI1MDExNS4wIKXMDSoASAFQAw%3D%3D"
JNE,NTB,"https://www.google.com/maps/place/Main+Branch+JNE+Mataram/@-8.5894337,116.0949934,14z/data=!4m8!3m7!1s0x2dcdbf60477ebc7f:0x26aa6095d95a99ba!8m2!3d-8.5899535!4d116.1136775!9m1!1b1!16s%2Fg%2F1pzq_tlnk?entry=ttu&g_ep=EgoyMDI1MDExNS4wIKXMDSoASAFQAw%3D%3D"
JNE,Kalimantan Barat,"https://www.google.com/maps/place/JNE+Pontianak+Main+Branch+Office+(Kalimantan+Barat+Main+Office)/@-0.0235881,109.3185754,17z/data=!4m8!3m7!1s0x2e1d58faaec6dbb7:0xa8651c396e18ea18!8m2!3d-0.0235881!4d109.3185754!9m1!1b1!16s%2Fg%2F1pzpn97kb?authuser=0&hl=id&entry=ttu&g_ep=EgoyMDI1MDExNS4wIKXMDSoASAFQAw%3D%3D"
JNE,Kalimantan Timur,"https://www.google.com/maps/place/JNE+Cabang+Utama+Samarinda/@-0.4673929,117.138627,17z/data=!4m8!3m7!1s0x2df678cd5a4a2541:0x8e6235c08c7ba540!8m2!3d-0.4673929!4d117.138627!9m1!1b1!16s%2Fg%2F11b7k23yzp?authuser=0&hl=id&entry=ttu&g_ep=EgoyMDI1MDExNS4wIKXMDSoASAFQAw%3D%3D"
JNE,Kalimantan Selatan,"https://www.google.com/maps/place/JNE+Main+Office+Banjarmasin/@-3.3292367,114.6165258,17z/data=!4m8!3m7!1s0x2de423ffcb13adb1:0x79eb06f9c3589009!8m2!3d-3.3292367!4d114.6165258!9m1!1b1!16s%2Fg%2F11clyt2vnw?authuser=0&hl=id&entry=ttu&g_ep=EgoyMDI1MDExNS4wIKXMDSoASAFQAw%3D%3D"
JNE,Kalimantan Tengah,"https://www.google.com/maps/place/JNE+Pangkalan+Bun/@-3.3835938,110.8163037,9.25z/data=!4m8!3m7!1s0x2e088f0000000001:0x2ef8baaab393e0b3!8m2!3d-2.6691531!4d111.641375!9m1!1b1!16s%2Fg%2F1ygbbfxtz?authuser=0&hl=id&entry=ttu&g_ep=EgoyMDI1MDExNS4wIKXMDSoASAFQAw%3D%3D"
JNE,Kalimantan Utara,"https://www.google.com/maps/place/JNE+Kantor+Cabang+Tarakan+Kaltara/@3.3105089,117.5967094,17z/data=!4m8!3m7!1s0x32138a65aaaaaaab:0xc65d9b0b982a5833!8m2!3d3.3105089!4d117.5967094!9m1!1b1!16s%2Fg%2F1ygbb7qn6?authuser=0&hl=id&entry=ttu&g_ep=EgoyMDI1MDExNS4wIKXMDSoASAFQAw%3D%3D"
JNE,Gorontalo,"https://www.google.com/maps/place/JNE+Cabang+Utama+Gorontalo/@0.5126674,122.9955407,10.75z/data=!4m8!3m7!1s0x32792b26985c8efd:0x699f53975bdaf22a!8m2!3d0.538453!4d123.0632013!9m1!1b1!16s%2Fg%2F1hm67ghgp?entry=ttu&g_ep=EgoyMDI1MDExNS4wIKXMDSoASAFQAw%3D%3D"
JNE,Sulawesi Barat,"https://www.google.com/maps/place/JNE+cabang+Mamuju/@-2.6847263,118.8821651,17z/data=!4m8!3m7!1s0x2d92d9002345384b:0xcdfe72a5c38a638f!8m2!3d-2.6847263!4d118.8821651!9m1!1b1!16s%2Fg%2F11vx3wm5bs?authuser=0&hl=id&entry=ttu&g_ep=EgoyMDI1MDExNS4wIKXMDSoASAFQAw%3D%3D"
JNE,Sulawesi Tengah,"https://www.google.com/maps/place/JNE+Kantor+Cabang+Sulawesi+Tengah/@-0.8973733,119.8849872,17z/data=!4m8!3m7!1s0x2d8bee1aaaaaaaab:0xfe9f57501875594c!8m2!3d-0.8973733!4d119.8849872!9m1!1b1!16s%2Fg%2F1ptw8rpb4?authuser=0&hl=id&entry=ttu&g_ep=EgoyMDI1MDExNS4wIKXMDSoASAFQAw%3D%3D"
JNE,Sulawesi Utara,"https://www.google.com/maps/place/JNE+Cabang+Utama+Kota+Manado/@1.4936199,124.8734621,17z/data=!4m8!3m7!1s0x32870ab0762f68b3:0x6716507a2629ef05!8m2!3d1.4936199!4d124.8734621!9m1!1b1!16s%2Fg%2F11dftf0ccy?authuser=0&hl=id&entry=ttu&g_ep=EgoyMDI1MDExNS4wIKXMDSoASAFQAw%3D%3D"
JNE,Sulawesi Tenggara,"https://www.google.com/maps/place/JNE+Kantor+Cabang+Utama+Kendari/@-3.9920548,122.5037356,17z/data=!4m8!3m7!1s0x2d988d23c2e0f323:0xd58cdb78ef274d42!8m2!3d-3.9920548!4d122.5037356!9m1!1b1!16s%2Fg%2F1ygbcdz1l?authuser=0&hl=id&entry=ttu&g_ep=EgoyMDI1MDExNS4wIKXMDSoASAFQAw%3D%3D"
JNE,Sulawesi Selatan,"https://www.google.com/maps/place/JNE+Kantor+Cabang+Sulawesi+Selatan/@-5.1666914,119.4402909,17z/data=!4m8!3m7!1s0x2dbee2a422290b9f:0xa17f509feb2e9468!8m2!3d-5.1666914!4d119.4402909!9m1!1b1!16s%2Fg%2F1hm29l2tm?authuser=0&hl=id&entry=ttu&g_ep=EgoyMDI1MDExNS4wIKXMDSoASAFQAw%3D%3D"
JNE,Maluku Utara,"https://www.google.com/maps/place/JNE+Cabang+Utama+Ternate/@0.7914823,127.3862282,17z/data=!4m8!3m7!1s0x329cb157aa9d53e7:0xb0d5091d36d1f5c3!8m2!3d0.7914823!4d127.3862282!9m1!1b1!16s%2Fg%2F11f1028200?authuser=0&hl=id&entry=ttu&g_ep=EgoyMDI1MDExNS4wIKXMDSoASAFQAw%3D%3D"
JNE,Maluku,"https://www.google.com/maps/place/JNE+Kantor+Cabang+Utama+Ambon/@-3.7071176,128.1732242,15z/data=!4m8!3m7!1s0x2d6ce97dea79c48b:0x3f19a315cbc44824!8m2!3d-3.6996748!4d128.1835292!9m1!1b1!16s%2Fg%2F11g0yhvmry?authuser=0&hl=id&entry=ttu&g_ep=EgoyMDI1MDExNS4wIKXMDSoASAFQAw%3D%3D"
JNE,Papua Barat,"https://www.google.com/maps/place/JNE+Kantor+Cabang+Sorong/@-0.8774595,131.2591393,17z/data=!4m8!3m7!1s0x2d5bff5aaaaaaaab:0x91978ef273df349d!8m2!3d-0.8774595!4d131.2591393!9m1!1b1!16s%2Fg%2F1ygbb6tdp?authuser=0&hl=id&entry=ttu&g_ep=EgoyMDI1MDExNS4wIKXMDSoASAFQAw%3D%3D"
JNE,Papua ,"https://www.google.com/maps/place/JNE+Ruko+Warna+Warni/@-2.604738,140.6388529,17z/data=!4m8!3m7!1s0x686cf5bad29bab63:0x97d7aa83f09da00f!8m2!3d-2.604738!4d140.6437238!9m1!1b1!16s%2Fg%2F11g6p73l1z?authuser=0&hl=id&entry=ttu&g_ep=EgoyMDI1MDExNS4wIKXMDSoASAFQAw%3D%3D"
JNE,Papua Tengah,"https://www.google.com/maps/place/JNE+EXPRESS+(Kantor+Cabang+Timika)/@-4.5639689,136.8757328,17z/data=!4m8!3m7!1s0x682379def1539327:0x1baabb2018aef2bb!8m2!3d-4.5639689!4d136.8806037!9m1!1b1!16s%2Fg%2F11ggcxphw9?authuser=0&hl=id&entry=ttu&g_ep=EgoyMDI1MDExNS4wIKXMDSoASAFQAw%3D%3D"
JNE,Papua Pegunungan,"https://www.google.com/maps/place/JNE/@-4.0898466,138.9347443,17z/data=!4m18!1m9!3m8!1s0x683e6c959364071d:0xbb6c94c3f401ffd1!2sJNE!8m2!3d-4.0898466!4d138.9373192!9m1!1b1!16s%2Fg%2F11hcj3t0pb!3m7!1s0x683e6c959364071d:0xbb6c94c3f401ffd1!8m2!3d-4.0898466!4d138.9373192!9m1!1b1!16s%2Fg%2F11hcj3t0pb?authuser=0&hl=id&entry=ttu&g_ep=EgoyMDI1MDExNS4wIKXMDSoASAFQAw%3D%3D"
JNE,Papua Selatan,"https://www.google.com/maps/place/JNE+Merauke/@-8.5031872,140.3939937,17z/data=!4m8!3m7!1s0x69b51587f162aceb:0x471b99a6c175344c!8m2!3d-8.5031872!4d140.3988646!9m1!1b1!16s%2Fg%2F11c57c_t44?authuser=0&hl=id&entry=ttu&g_ep=EgoyMDI1MDExNS4wIKXMDSoASAFQAw%3D%3D"
JNE,Papua Barat Daya,"https://www.google.com/maps/place/JNE+Kantor+Cabang+Sorong/@-0.8774595,131.2565644,17z/data=!4m8!3m7!1s0x2d5bff5aaaaaaaab:0x91978ef273df349d!8m2!3d-0.8774595!4d131.2591393!9m1!1b1!16s%2Fg%2F1ygbb6tdp?authuser=0&hl=id&entry=ttu&g_ep=EgoyMDI1MDExNS4wIKXMDSoASAFQAw%3D%3D"
JNT,Aceh,"https://www.google.com/maps/place/Head+Office+J%26T+Express+Aceh/@5.5344043,95.3499817,17z/data=!4m8!3m7!1s0x30403973d8cf1a89:0x9cd19b769bd18217!8m2!3d5.5344043!4d95.3499817!9m1!1b1!16s%2Fg%2F11jkfb3qx2?authuser=0&hl=id&entry=ttu&g_ep=EgoyMDI1MDExNS4wIKXMDSoASAFQAw%3D%3D"
JNT,Sumatera Utara,"https://www.google.com/maps/place/J%26T+EXPRESS/@3.1866329,97.701123,8z/data=!4m8!3m7!1s0x30313043883bea8f:0xc772ba8ad71956cb!8m2!3d3.5651242!4d98.6895642!9m1!1b1!16s%2Fg%2F11bxfjbph_?entry=ttu&g_ep=EgoyMDI1MDExNS4wIKXMDSoASAFQAw%3D%3D"
JNT,Sumatera Barat,"https://www.google.com/maps/place/J%26T+Express+HQ+Padang/@-0.9431178,100.3955865,17z/data=!4m8!3m7!1s0x2fd4c764c2c8b773:0x7a7f6d167a251895!8m2!3d-0.9431232!4d100.4004574!9m1!1b1!16s%2Fg%2F11h0353lrs?entry=ttu&g_ep=EgoyMDI1MDExNS4wIKXMDSoASAFQAw%3D%3D"
JNT,Riau,"https://www.google.com/maps/place/J%26T+Express+Pekanbaru/@0.5357717,101.4492266,17z/data=!4m8!3m7!1s0x31d5ac6c81df84b7:0x24c3d5e7f54a7954!8m2!3d0.5357717!4d101.4492266!9m1!1b1!16s%2Fg%2F11c1vq8mv3?authuser=0&hl=id&entry=ttu&g_ep=EgoyMDI1MDExNS4wIKXMDSoASAFQAw%3D%3D"
JNT,Jambi,"https://www.google.com/maps/place/J%26T+Pusat+Jambi/@-1.5944315,103.6179833,17z/data=!4m8!3m7!1s0x2e2588d8c23d2f87:0x7dbe236d98267499!8m2!3d-1.5944369!4d103.6205582!9m1!1b1!16s%2Fg%2F11cmmwt9j6?entry=ttu&g_ep=EgoyMDI1MDExNS4wIKXMDSoASAFQAw%3D%3D"
JNT,Bengkulu,"https://www.google.com/maps/place/J%26T+Express+Bengkulu/@-3.8270214,102.3020442,17z/data=!4m8!3m7!1s0x2e36ba62bdfdbd51:0xe09a09874aef7af6!8m2!3d-3.8270214!4d102.3020442!9m1!1b1!16s%2Fg%2F11c54d2_1n?authuser=0&hl=id&entry=ttu&g_ep=EgoyMDI1MDExNS4wIKXMDSoASAFQAw%3D%3D"
JNT,Lampung,"https://www.google.com/maps/place/J%26T+Express+Bandar+Lampung/@-5.4219493,105.2571907,17z/data=!4m8!3m7!1s0x2e40da4f25708001:0x89feeb3b41c18bb8!8m2!3d-5.4219493!4d105.2571907!9m1!1b1!16s%2Fg%2F11c1s23dmm?authuser=0&hl=id&entry=ttu&g_ep=EgoyMDI1MDExNS4wIKXMDSoASAFQAw%3D%3D"
JNT,Sumatera Selatan,"https://www.google.com/maps/place/Gudang+J%26T+Exprress+Palembang/@-2.9253955,104.6868803,17z/data=!4m8!3m7!1s0x2e3b74996bd6f097:0xc56be43d06ea8918!8m2!3d-2.9253955!4d104.6868803!9m1!1b1!16s%2Fg%2F11fylv8ly0?authuser=0&hl=id&entry=ttu&g_ep=EgoyMDI1MDExNS4wIKXMDSoASAFQAw%3D%3D"
JNT,Bangka Belitung,"https://www.google.com/maps/place/Kantor+Pusat+J%26T+Logistic+pangkalpinang/@-2.1412964,106.1447511,17z/data=!4m8!3m7!1s0x2e22c7c706f73ac5:0x843ec436878c99ae!8m2!3d-2.1412964!4d106.1447511!9m1!1b1!16s%2Fg%2F11fp4yn7kx?authuser=0&hl=id&entry=ttu&g_ep=EgoyMDI1MDExNS4wIKXMDSoASAFQAw%3D%3D"
JNT,Kepulauan Riau,"https://www.google.com/maps/place/J%26T+EXPRESS/@1.1234125,104.0491366,17z/data=!4m8!3m7!1s0x31d989be1a421be3:0x2e53ebf21058f8f4!8m2!3d1.1234125!4d104.0491366!9m1!1b1!16s%2Fg%2F11j2y3rgsx?authuser=0&hl=id&entry=ttu&g_ep=EgoyMDI1MDExNS4wIKXMDSoASAFQAw%3D%3D"
JNT,Banten,"https://www.google.com/maps/place/J%26T+Express+Tangerang/@-6.1998179,106.6344797,17z/data=!4m8!3m7!1s0x2e69f93773408ddf:0x3a345391c0729676!8m2!3d-6.1998179!4d106.6393506!9m1!1b1!16s%2Fg%2F11cntj9977?authuser=0&hl=id&entry=ttu&g_ep=EgoyMDI1MDExNS4wIKXMDSoASAFQAw%3D%3D"
JNT,DKI Jakarta,"https://www.google.com/maps/place/J%26T+Express+Klender/@-6.2418116,106.8994154,17z/data=!4m8!3m7!1s0x2e69f3516616511b:0xa64b7fe0694bf5f1!8m2!3d-6.2418116!4d106.9019903!9m1!1b1!16s%2Fg%2F11c5wjq1pw?authuser=0&hl=id&entry=ttu&g_ep=EgoyMDI1MDExNS4wIKXMDSoASAFQAw%3D%3D"
JNT,Jawa Barat,"https://www.google.com/maps/place/J%26T+Express+Bekasi/@-6.2272018,106.9998848,17z/data=!4m8!3m7!1s0x2e698c1e60c5095b:0xa2e80bee72f1b6e1!8m2!3d-6.2272018!4d107.0047557!9m1!1b1!16s%2Fg%2F11cmhvyfz6?authuser=0&hl=id&entry=ttu&g_ep=EgoyMDI1MDExNS4wIKXMDSoASAFQAw%3D%3D"
JNT,Jawa Tengah,"https://www.google.com/maps/place/J%26T+Express/@-6.8902893,110.6345991,17z/data=!4m8!3m7!1s0x2e70ebdce2081349:0xc08f076116d38605!8m2!3d-6.8902893!4d110.63947!9m1!1b1!16s%2Fg%2F11cntmgmfx?authuser=0&hl=id&entry=ttu&g_ep=EgoyMDI1MDExNS4wIKXMDSoASAFQAw%3D%3D"
JNT,DIY Yogyakarta,"https://www.google.com/maps/place/J%26T+Express+YOGYAKARTA/@-7.7884789,110.3736684,17z/data=!4m8!3m7!1s0x2e7a57ae23276cd3:0x3e3bc9ec5892a7ca!8m2!3d-7.7884789!4d110.3785393!9m1!1b1!16s%2Fg%2F11c0rpckwd?authuser=0&hl=id&entry=ttu&g_ep=EgoyMDI1MDExNS4wIKXMDSoASAFQAw%3D%3D"
JNT,Jawa Timur,"https://www.google.com/maps/place/J%26T+Express+Lamongan/@-7.1226873,112.3999885,17z/data=!4m8!3m7!1s0x2e77f0b76b3ae10f:0x8f505a7ce1fa1ecc!8m2!3d-7.1226873!4d112.4025634!9m1!1b1!16s%2Fg%2F11c594nr_g?authuser=0&hl=id&entry=ttu&g_ep=EgoyMDI1MDExNS4wIKXMDSoASAFQAw%3D%3D"
JNT,Bali,"https://www.google.com/maps/place/J%26T+Express+dan+Cargo+Teuku+Umar+Denpasar/@-8.6691808,115.2065311,17z/data=!4m18!1m9!3m8!1s0x2dd240cdf7038a4b:0x41dcf635c10752b0!2sJ%26T+Express+dan+Cargo+Teuku+Umar+Denpasar!8m2!3d-8.6691808!4d115.211402!9m1!1b1!16s%2Fg%2F11cmmwv95t!3m7!1s0x2dd240cdf7038a4b:0x41dcf635c10752b0!8m2!3d-8.6691808!4d115.211402!9m1!1b1!16s%2Fg%2F11cmmwv95t?authuser=0&hl=id&entry=ttu&g_ep=EgoyMDI1MDExNS4wIKXMDSoASAFQAw%3D%3D"
JNT,NTT,"https://www.google.com/maps/place/J%26T+Express+MAULAFA/@-10.1899452,123.6115051,17z/data=!4m8!3m7!1s0x2c569b48ba3bd4df:0x498d97dcbf26ac49!8m2!3d-10.1899452!4d123.616376!9m1!1b1!16s%2Fg%2F11c5454m15?authuser=0&hl=id&entry=ttu&g_ep=EgoyMDI1MDExNS4wIKXMDSoASAFQAw%3D%3D"
JNT,NTB,"https://www.google.com/maps/place/J%26T+Express+MATARAM/@-8.5905808,116.1118079,17z/data=!4m8!3m7!1s0x2dcdbf566107d8c9:0xbe027885e31e8f89!8m2!3d-8.5905808!4d116.1143828!9m1!1b1!16s%2Fg%2F11cntmg09h?authuser=0&hl=id&entry=ttu&g_ep=EgoyMDI1MDExNS4wIKXMDSoASAFQAw%3D%3D"
JNT,Kalimantan Barat,"https://www.google.com/maps/place/J%26T+Express+Siantan/@-0.0186585,109.3409938,17z/data=!4m8!3m7!1s0x2e1d581513072017:0x29c172f1e1d57382!8m2!3d-0.0186585!4d109.3458647!9m1!1b1!16s%2Fg%2F11cn9hf94v?authuser=0&hl=id&entry=ttu&g_ep=EgoyMDI1MDExNS4wIKXMDSoASAFQAw%3D%3D"
JNT,Kalimantan Timur,"https://www.google.com/maps/place/J%26T+Express+Samarinda/@-0.4605027,117.1689447,17z/data=!4m8!3m7!1s0x2df5d51067a285eb:0x9c00213b7f092afe!8m2!3d-0.4605027!4d117.1738156!9m1!1b1!16s%2Fg%2F11cmmwrplv?authuser=0&hl=id&entry=ttu&g_ep=EgoyMDI1MDExNS4wIKXMDSoASAFQAw%3D%3D"
JNT,Kalimantan Selatan,"https://www.google.com/maps/place/J%26T+Express+Banjarbaru/@-3.4431862,114.8326,17z/data=!4m8!3m7!1s0x2de423c268d784fb:0xc6b09dbc73a8ba8!8m2!3d-3.4431862!4d114.8374709!9m1!1b1!16s%2Fg%2F11f2wcjlk9?authuser=0&hl=id&entry=ttu&g_ep=EgoyMDI1MDExNS4wIKXMDSoASAFQAw%3D%3D"
JNT,Kalimantan Tengah,"https://www.google.com/maps/place/J%26T+Express+Sampit/@-2.5416445,112.941996,17z/data=!4m8!3m7!1s0x2de2be350aa46a89:0x524e2a624971f5bc!8m2!3d-2.5416445!4d112.9468669!9m1!1b1!16s%2Fg%2F11cntm9jm0?authuser=0&hl=id&entry=ttu&g_ep=EgoyMDI1MDExNS4wIKXMDSoASAFQAw%3D%3D"
JNT,Kalimantan Utara,"https://www.google.com/maps/place/J%26T+Express+Malinau/@3.5892022,116.6196455,17z/data=!4m8!3m7!1s0x3216c30cdfc0a499:0x63e25efb002ae4bf!8m2!3d3.5892022!4d116.6245164!9m1!1b1!16s%2Fg%2F11cmmwkp9p?authuser=0&hl=id&entry=ttu&g_ep=EgoyMDI1MDExNS4wIKXMDSoASAFQAw%3D%3D"
JNT,Gorontalo,"https://www.google.com/maps/place/J%26T+Express+Gorontalo/@0.5368943,123.0581048,17z/data=!4m8!3m7!1s0x32792b20fe05c5a1:0x2d609cc0b3d0a8d9!8m2!3d0.5368943!4d123.0606797!9m1!1b1!16s%2Fg%2F11cmmwrplc?authuser=0&hl=id&entry=ttu&g_ep=EgoyMDI1MDExNS4wIKXMDSoASAFQAw%3D%3D"
JNT,Sulawesi Barat,"https://www.google.com/maps/place/J%26T+Express+Polewali/@-3.4192363,119.3199754,17z/data=!4m8!3m7!1s0x2d9488c889374bff:0x36547c6fccf011f!8m2!3d-3.4192363!4d119.3225503!9m1!1b1!16s%2Fg%2F11cmmwgskt?authuser=0&hl=id&entry=ttu&g_ep=EgoyMDI1MDExNS4wIKXMDSoASAFQAw%3D%3D"
JNT,Sulawesi Tengah,"https://www.google.com/maps/place/J%26T+Express+Palu/@-0.892519,119.864643,17z/data=!4m8!3m7!1s0x2d8bf202b22624c5:0x577af7372c99d069!8m2!3d-0.892519!4d119.8695139!9m1!1b1!16s%2Fg%2F11cmmwyq2j?authuser=0&hl=id&entry=ttu&g_ep=EgoyMDI1MDExNS4wIKXMDSoASAFQAw%3D%3D"
JNT,Sulawesi Utara,"https://www.google.com/maps/place/J%26T+Express+Manado/@1.4885924,124.8436452,17z/data=!4m8!3m7!1s0x3287751a1f57e9fd:0x33d2bb01bacb066b!8m2!3d1.4885924!4d124.8485161!9m1!1b1!16s%2Fg%2F11cmmww98g?authuser=0&hl=id&entry=ttu&g_ep=EgoyMDI1MDExNS4wIKXMDSoASAFQAw%3D%3D"
JNT,Sulawesi Tenggara,"https://www.google.com/maps/place/J%26T+Express+Baruga-Panjaitan/@-4.0226617,122.5009177,17z/data=!4m8!3m7!1s0x2d988d319fa3cd67:0x25bf8a2fada55c0f!8m2!3d-4.0226617!4d122.5057886!9m1!1b1!16s%2Fg%2F11rsqyn14g?authuser=0&hl=id&entry=ttu&g_ep=EgoyMDI1MDExNS4wIKXMDSoASAFQAw%3D%3D"
JNT,Sulawesi Selatan,"https://www.google.com/maps/place/Kantor+Pusat+J%26T+Express+Makassar/@-5.1474877,119.416326,17z/data=!4m8!3m7!1s0x2dbee310e36e306b:0x2085eb2c37c0e8fd!8m2!3d-5.1474877!4d119.4211969!9m1!1b1!16s%2Fg%2F11h5rd3g3k?authuser=0&hl=id&entry=ttu&g_ep=EgoyMDI1MDExNS4wIKXMDSoASAFQAw%3D%3D"
JNT,Maluku Utara,"https://www.google.com/maps/place/J%26T+Express+Ternate/@0.7866695,127.380643,17z/data=!4m8!3m7!1s0x329cb155440179a7:0xf13c521269dd41af!8m2!3d0.7866695!4d127.3855139!9m1!1b1!16s%2Fg%2F11cntn356_?authuser=0&hl=id&entry=ttu&g_ep=EgoyMDI1MDExNS4wIKXMDSoASAFQAw%3D%3D"
JNT,Maluku,"https://www.google.com/maps/place/J%26T+Express+Baguala/@-3.6312144,128.2495148,17z/data=!4m8!3m7!1s0x2d6ceded359efba5:0xfef3e4d81c7ba6bc!8m2!3d-3.6312144!4d128.2543857!9m1!1b1!16s%2Fg%2F11rnbzw7vh?authuser=0&hl=id&entry=ttu&g_ep=EgoyMDI1MDExNS4wIKXMDSoASAFQAw%3D%3D"
JNT,Papua Barat,"https://www.google.com/maps/place/J%26T+Manokwari/@-0.8661612,134.0437395,17z/data=!4m8!3m7!1s0x2d540b49be4e2921:0xfb15635ea5b9ed0e!8m2!3d-0.8661612!4d134.0463144!9m1!1b1!16s%2Fg%2F11twc38jtm?authuser=0&hl=id&entry=ttu&g_ep=EgoyMDI1MDExNS4wIKXMDSoASAFQAw%3D%3D"
JNT,Papua ,"https://www.google.com/maps/place/J%26T+Express+Jayapura/@-2.5721732,140.6927386,17z/data=!4m8!3m7!1s0x686c58a5b3579fad:0x942db6488b6af7b7!8m2!3d-2.5721732!4d140.6927386!9m1!1b1!16s%2Fg%2F11c6f1c3jm?authuser=0&hl=id&entry=ttu&g_ep=EgoyMDI1MDExNS4wIKXMDSoASAFQAw%3D%3D"
JNT,Papua Tengah,"https://www.google.com/maps/place/J%26T+EXPRESS+TIMIKA/@-4.5773499,136.8759537,17z/data=!4m8!3m7!1s0x6823794d1df4eb71:0xae74ee095ed44278!8m2!3d-4.5773499!4d136.8808246!9m1!1b1!16s%2Fg%2F11q22wk3r8?authuser=0&hl=id&entry=ttu&g_ep=EgoyMDI1MDExNS4wIKXMDSoASAFQAw%3D%3D"
JNT,Papua Pegunungan,"https://www.google.com/maps/place/J%26T+Express+Sentani/@-2.566905,140.5202278,17z/data=!4m8!3m7!1s0x686cf1fe6c8e0e55:0x369eb1f268077ab6!8m2!3d-2.566905!4d140.5202278!9m1!1b1!16s%2Fg%2F11cmn96sh3?authuser=0&hl=id&entry=ttu&g_ep=EgoyMDI1MDExNS4wIKXMDSoASAFQAw%3D%3D"
JNT,Papua Selatan,"https://www.google.com/maps/place/J%26T+Express+Merauke/@-8.5058433,140.3998054,17z/data=!4m8!3m7!1s0x69b53e2eb3fdbf51:0x46a7400e5472aa17!8m2!3d-8.5058433!4d140.3998054!9m1!1b1!16s%2Fg%2F11cmmws_b7?authuser=0&hl=id&entry=ttu&g_ep=EgoyMDI1MDExNS4wIKXMDSoASAFQAw%3D%3D"
JNT,Papua Barat Daya,"https://www.google.com/maps/place/J%26T+EXPRESS/@-0.901385,131.3224801,17z/data=!4m18!1m9!3m8!1s0x2d59553fd89a2943:0x51eae4ba4f1387d7!2sJ%26T+EXPRESS!8m2!3d-0.901385!4d131.3224801!9m1!1b1!16s%2Fg%2F11tf4k1y7_!3m7!1s0x2d59553fd89a2943:0x51eae4ba4f1387d7!8m2!3d-0.901385!4d131.3224801!9m1!1b1!16s%2Fg%2F11tf4k1y7_?authuser=0&hl=id&entry=ttu&g_ep=EgoyMDI1MDExNS4wIKXMDSoASAFQAw%3D%3D"
Sicepat,Aceh,"https://www.google.com/maps/place/SiCepat+Ekspres+Banda+Aceh/@5.5627398,95.3173496,17z/data=!4m8!3m7!1s0x30403736c4f7b631:0x8dd97988dece629b!8m2!3d5.5627398!4d95.3173496!9m1!1b1!16s%2Fg%2F11c71mwf_9?authuser=0&hl=id&entry=ttu&g_ep=EgoyMDI1MDExNS4wIKXMDSoASAFQAw%3D%3D"
Sicepat,Sumatera Utara,"https://www.google.com/maps/place/SiCepat+Ekspres+Medan+(Sortation)/@3.535151,98.7339206,17z/data=!4m8!3m7!1s0x30313b02e18deab7:0x4d84c9e32d8e8add!8m2!3d3.535151!4d98.7339206!9m1!1b1!16s%2Fg%2F11pdmp0mkn?authuser=0&hl=id&entry=ttu&g_ep=EgoyMDI1MDExNS4wIKXMDSoASAFQAw%3D%3D"
Sicepat,Sumatera Barat,"https://www.google.com/maps/place/Gudang+Sicepat+Padang+(Transit)/@-0.9113303,100.3590894,17z/data=!4m8!3m7!1s0x2fd4b8c84634a0fd:0xf509b82976eeb544!8m2!3d-0.9113303!4d100.3590894!9m1!1b1!16s%2Fg%2F11gdpb146f?authuser=0&hl=id&entry=ttu&g_ep=EgoyMDI1MDExNS4wIKXMDSoASAFQAw%3D%3D"
Sicepat,Riau,"https://www.google.com/maps/place/Si+Cepat+Express/@0.4727166,101.4193594,17z/data=!4m8!3m7!1s0x31d5aed0ffffffff:0x70624f71556af818!8m2!3d0.4727166!4d101.4193594!9m1!1b1!16s%2Fg%2F11hctksh3s?authuser=0&hl=id&entry=ttu&g_ep=EgoyMDI1MDExNS4wIKXMDSoASAFQAw%3D%3D"
Sicepat,Jambi,"https://www.google.com/maps/place/SiCepat+Ekspres+Jambi+(SORTATION)/@-1.6449153,103.6312987,17z/data=!4m8!3m7!1s0x2e2587c7b650cedd:0x3f27316e9d173cff!8m2!3d-1.6449153!4d103.6312987!9m1!1b1!16s%2Fg%2F11pdmp0s_7?authuser=0&hl=id&entry=ttu&g_ep=EgoyMDI1MDExNS4wIKXMDSoASAFQAw%3D%3D"
Sicepat,Bengkulu,"https://www.google.com/maps/place/SiCepat+Ekspres+Bengkulu+(Sortation)/@-3.8892761,102.3222501,17z/data=!4m8!3m7!1s0x2e36bbcd186b697d:0x5af7787e02b83472!8m2!3d-3.8892761!4d102.3222501!9m1!1b1!16s%2Fg%2F11rjqm9v46?authuser=0&hl=id&entry=ttu&g_ep=EgoyMDI1MDExNS4wIKXMDSoASAFQAw%3D%3D"
Sicepat,Lampung,"https://www.google.com/maps/place/SiCepat+Ekspres+Lampung+Transit+(Sortation)/@-5.4114373,105.3005781,17z/data=!4m8!3m7!1s0x2e40dddd2d3e374d:0x7457bbcf03d11c62!8m2!3d-5.4114373!4d105.3005781!9m1!1b1!16s%2Fg%2F11h_wxw01j?authuser=0&hl=id&entry=ttu&g_ep=EgoyMDI1MDExNS4wIKXMDSoASAFQAw%3D%3D"
Sicepat,Sumatera Selatan,"https://www.google.com/maps/place/SiCepat+Ekspres+Palembang+(Sortation)/@-2.965146,104.711882,17z/data=!4m8!3m7!1s0x2e3b75d1cda95cbd:0x909fd6f98620848a!8m2!3d-2.965146!4d104.711882!9m1!1b1!16s%2Fg%2F11pdmnzfyy?authuser=0&hl=id&entry=ttu&g_ep=EgoyMDI1MDExNS4wIKXMDSoASAFQAw%3D%3D"
Sicepat,Bangka Belitung,"https://www.google.com/maps/place/SiCepat+Ekspres+Pangkal+Pinang+(Sortation)/@-2.1037938,106.1427554,17z/data=!4m8!3m7!1s0x2e22c1bd9ec95029:0xbf1fa2769d24b780!8m2!3d-2.1037938!4d106.1427554!9m1!1b1!16s%2Fg%2F11pzy7wcbl?authuser=0&hl=id&entry=ttu&g_ep=EgoyMDI1MDExNS4wIKXMDSoASAFQAw%3D%3D"
Sicepat,Kepulauan Riau,"https://www.google.com/maps/place/SiCepat+Ekspres+Line+Haul+Udara+Batam/@1.1082133,104.0634318,17z/data=!4m8!3m7!1s0x31d989622bdf4c6d:0xcfa64e3457beefb3!8m2!3d1.1082133!4d104.0634318!9m1!1b1!16s%2Fg%2F11sg8b7gd8?authuser=0&hl=id&entry=ttu&g_ep=EgoyMDI1MDExNS4wIKXMDSoASAFQAw%3D%3D"
Sicepat,Banten,"https://www.google.com/maps/place/SiCepat+Ekspres+Tangerang+(Sortation)/@-6.2096151,106.5605184,17z/data=!4m8!3m7!1s0x2e69ff4987c15fdd:0xed79c552064dfae2!8m2!3d-6.2096205!4d106.5653893!9m1!1b1!16s%2Fg%2F11pdmp0_6n?entry=ttu&g_ep=EgoyMDI1MDExNS4wIKXMDSoASAFQAw%3D%3D"
Sicepat,DKI Jakarta,"https://www.google.com/maps/place/SiCepat+Ekspres+Middle+Mile+Jakarta/@-6.172517,106.9396909,17z/data=!4m8!3m7!1s0x2e698bf8fc865293:0x2aed8eaf767225b1!8m2!3d-6.172517!4d106.9396909!9m1!1b1!16s%2Fg%2F11t403bq45?authuser=0&hl=id&entry=ttu&g_ep=EgoyMDI1MDExNS4wIKXMDSoASAFQAw%3D%3D"
Sicepat,Jawa Barat,"https://www.google.com/maps/place/SiCepat+Ekspres+Bandung+Pasawahan+(Sortation)/@-6.9768429,107.5710753,12z/data=!4m8!3m7!1s0x2e68e9fb26241151:0x204e80cced31103e!8m2!3d-6.9696965!4d107.614279!9m1!1b1!16s%2Fg%2F11pdmp0366?entry=ttu&g_ep=EgoyMDI1MDExNS4wIKXMDSoASAFQAw%3D%3D"
Sicepat,Jawa Tengah,"https://www.google.com/maps/place/SiCepat+Ekspres+Semarang+(Sortation)/@-6.9812301,110.3362208,17z/data=!4m8!3m7!1s0x2e70f5fea074722d:0x7bf6b7139ba7d30b!8m2!3d-6.9812301!4d110.3362208!9m1!1b1!16s%2Fg%2F11pdmnqkzy?authuser=0&hl=id&entry=ttu&g_ep=EgoyMDI1MDExNS4wIKXMDSoASAFQAw%3D%3D"
Sicepat,DIY Yogyakarta,"https://www.google.com/maps/place/SiCepat+Ekspres+DIY+(Sortation)/@-7.8302242,110.3666608,17z/data=!4m8!3m7!1s0x2e7a576c1950171d:0xbb4fb8c51f8adfb3!8m2!3d-7.8302242!4d110.3666608!9m1!1b1!16s%2Fg%2F11t6569z8z?authuser=0&hl=id&entry=ttu&g_ep=EgoyMDI1MDExNS4wIKXMDSoASAFQAw%3D%3D"
Sicepat,Jawa Timur,"https://www.google.com/maps/place/SiCepat+Ekspres+Line+Haul+Darat+MP+Surabaya/@-7.3808196,112.7130247,17z/data=!4m8!3m7!1s0x2dd7e3c9a727790d:0xb866cc70ff7c52e7!8m2!3d-7.3808196!4d112.7130247!9m1!1b1!16s%2Fg%2F11sg8bcflx?authuser=0&hl=id&entry=ttu&g_ep=EgoyMDI1MDExNS4wIKXMDSoASAFQAw%3D%3D"
Sicepat,Bali,"https://www.google.com/maps/place/SiCepat+Ekspres+Denpasar+(Sortation)/@-8.6367176,115.1814279,17z/data=!4m8!3m7!1s0x2dd23f5e25341b73:0x4f74d4faa95154d3!8m2!3d-8.6367176!4d115.1814279!9m1!1b1!16s%2Fg%2F11pdmp1hqm?authuser=0&hl=id&entry=ttu&g_ep=EgoyMDI1MDExNS4wIKXMDSoASAFQAw%3D%3D"
Sicepat,NTB,"https://www.google.com/maps/place/SiCepat+Ekspres+Lombok+Sortation/@-8.5944046,116.1315239,17z/data=!4m8!3m7!1s0x2dcdb9d332656249:0xf3cd5c3f55b1d688!8m2!3d-8.5944046!4d116.1315239!9m1!1b1!16s%2Fg%2F11sg8bcf3j?authuser=0&hl=id&entry=ttu&g_ep=EgoyMDI1MDExNS4wIKXMDSoASAFQAw%3D%3D"
Sicepat,NTT,"https://www.google.com/maps/place/SiCepat+Ekspres+Kupang+Maulafa+(Sortation)/@-10.1844486,123.6037853,17z/data=!4m8!3m7!1s0x2c569bf5841868e9:0x962a5cd7026aadf2!8m2!3d-10.1844486!4d123.6037853!9m1!1b1!16s%2Fg%2F11wtw07frh?authuser=0&hl=id&entry=ttu&g_ep=EgoyMDI1MDExNS4wIKXMDSoASAFQAw%3D%3D"
Sicepat,Kalimantan Barat,"https://www.google.com/maps/place/SiCepat+Ekspres+Pontianak+(Sortation)/@-0.1092846,109.3882988,17z/data=!4m8!3m7!1s0x2e1d515f8e8d94bb:0x2371f5924da99c6f!8m2!3d-0.1092846!4d109.3882988!9m1!1b1!16s%2Fg%2F11rjqm6v_0?authuser=0&hl=id&entry=ttu&g_ep=EgoyMDI1MDExNS4wIKXMDSoASAFQAw%3D%3D"
Sicepat,Kalimantan Timur,"https://www.google.com/maps/place/SiCepat+Ekspres+Samarinda+(Sortation)/@-0.5147007,117.1080447,17z/data=!4m8!3m7!1s0x2df67f1743097017:0x53891164873c4cbb!8m2!3d-0.5147007!4d117.1080447!9m1!1b1!16s%2Fg%2F11rjqmgmh4?authuser=0&hl=id&entry=ttu&g_ep=EgoyMDI1MDExNS4wIKXMDSoASAFQAw%3D%3D"
Sicepat,Kalimantan Selatan,"https://www.google.com/maps/place/SiCepat+Ekspres+Banjarmasin+(Sortation)/@-3.4461963,114.6620018,17z/data=!4m8!3m7!1s0x2de69d67c8c7bc3b:0xfaa0a9887ad08041!8m2!3d-3.4461963!4d114.6620018!9m1!1b1!16s%2Fg%2F11sg8b68jn?authuser=0&hl=id&entry=ttu&g_ep=EgoyMDI1MDExNS4wIKXMDSoASAFQAw%3D%3D"
Sicepat,Kalimantan Tengah,"https://www.google.com/maps/place/SiCepat+Palangkaraya/@-2.2265837,113.9393776,17z/data=!4m8!3m7!1s0x2dfcb31e49b2539f:0xa8938b55bb71e307!8m2!3d-2.2265837!4d113.9393776!9m1!1b1!16s%2Fg%2F11fshxcd6x?authuser=0&hl=id&entry=ttu&g_ep=EgoyMDI1MDExNS4wIKXMDSoASAFQAw%3D%3D"
Sicepat,Kalimantan Utara,"https://www.google.com/maps/place/SiCepat+Ekspres+Bulungan+Tanjung+Selor/@2.8526525,117.340271,13.75z/data=!4m8!3m7!1s0x3213cf1ea4d785eb:0x83fa3f2be9425490!8m2!3d2.8501837!4d117.3700035!9m1!1b1!16s%2Fg%2F11sg8bk2pp?entry=ttu&g_ep=EgoyMDI1MDExNS4wIKXMDSoASAFQAw%3D%3D"
Sicepat,Gorontalo,"https://www.google.com/maps/place/SiCepat+Ekspres+Gorontalo+Limboto/@0.6265492,122.9849933,17z/data=!4m8!3m7!1s0x32792fd3edc09b39:0x534358a57a5ca2cf!8m2!3d0.6265492!4d122.9849933!9m1!1b1!16s%2Fg%2F11rjqmn184?authuser=0&hl=id&entry=ttu&g_ep=EgoyMDI1MDExNS4wIKXMDSoASAFQAw%3D%3D"
Sicepat,Sulawesi Barat,"https://www.google.com/maps/place/Gudang+SICEPAT+Mamuju+sortation/@-2.6723541,118.9018542,17z/data=!4m8!3m7!1s0x2d92d9d7f8356d19:0x5ba16dbbe6b37b6b!8m2!3d-2.6723541!4d118.9018542!9m1!1b1!16s%2Fg%2F11sghxppwn?authuser=0&hl=id&entry=ttu&g_ep=EgoyMDI1MDExNS4wIKXMDSoASAFQAw%3D%3D"
Sicepat,Sulawesi Tengah,"https://www.google.com/maps/place/SiCepat+Ekspres+Palu+(Sortation)/@-0.906417,119.882778,17z/data=!4m8!3m7!1s0x2d8bef5353cb02b9:0x28949acb4ed19a3d!8m2!3d-0.906417!4d119.882778!9m1!1b1!16s%2Fg%2F11sg8bh571?authuser=0&hl=id&entry=ttu&g_ep=EgoyMDI1MDExNS4wIKXMDSoASAFQAw%3D%3D"
Sicepat,Sulawesi Utara,"https://www.google.com/maps/place/SiCepat+Ekspres+Manado+(Sortation)/@1.5175091,124.8491319,17z/data=!4m8!3m7!1s0x32879f76c45d3915:0x656316f4e5775b93!8m2!3d1.5175091!4d124.8491319!9m1!1b1!16s%2Fg%2F11sg8b92wh?authuser=0&hl=id&entry=ttu&g_ep=EgoyMDI1MDExNS4wIKXMDSoASAFQAw%3D%3D"
Sicepat,Sulawesi Tenggara,"https://www.google.com/maps/place/SiCepat+Ekspres+Kendari+Madonga+(Sortation)/@-3.968027,122.519664,17z/data=!4m8!3m7!1s0x2d98f3e937bfc3d9:0xef07781d834c4ad0!8m2!3d-3.968027!4d122.519664!9m1!1b1!16s%2Fg%2F11pdmnyk6p?authuser=0&hl=id&entry=ttu&g_ep=EgoyMDI1MDExNS4wIKXMDSoASAFQAw%3D%3D"
Sicepat,Sulawesi Selatan,"https://www.google.com/maps/place/SiCepat+Ekspres+Makassar+(Sortation)/@-5.1022342,119.4816534,17z/data=!4m8!3m7!1s0x2dbefd38afecc523:0x856449d7f87be1a4!8m2!3d-5.1022342!4d119.4816534!9m1!1b1!16s%2Fg%2F11rjqm8nfb?authuser=0&hl=id&entry=ttu&g_ep=EgoyMDI1MDExNS4wIKXMDSoASAFQAw%3D%3D"
Sicepat,Maluku Utara,"https://www.google.com/maps/place/SiCepat+Ekspres+Ternate+(Sortation)/@0.768879,127.372834,17z/data=!4m8!3m7!1s0x329cb522f874e2e3:0xe95ab8d8e2cf4282!8m2!3d0.768879!4d127.372834!9m1!1b1!16s%2Fg%2F11rjqmdbdt?authuser=0&hl=id&entry=ttu&g_ep=EgoyMDI1MDExNS4wIKXMDSoASAFQAw%3D%3D"
Sicepat,Maluku,"https://www.google.com/maps/place/SiCepat+Ekspres+Ambon+(Sortation)/@-3.666601,128.16359,17z/data=!4m8!3m7!1s0x2d6ce9ef9234ad91:0xb220a90303b5e5c2!8m2!3d-3.666601!4d128.16359!9m1!1b1!16s%2Fg%2F11rjqmcn1l?authuser=0&hl=id&entry=ttu&g_ep=EgoyMDI1MDExNS4wIKXMDSoASAFQAw%3D%3D"
Sicepat,Papua Barat,"https://www.google.com/maps/place/SiCepat+Ekspres+Manokwari/@-0.8804872,134.0493386,17z/data=!4m8!3m7!1s0x2d53f5b5e31378f5:0x788c777f03396938!8m2!3d-0.8804872!4d134.0493386!9m1!1b1!16s%2Fg%2F11kpgr5t2_?authuser=0&hl=id&entry=ttu&g_ep=EgoyMDI1MDExNS4wIKXMDSoASAFQAw%3D%3D"
Sicepat,Papua ,"https://www.google.com/maps/place/Kantor+Sicepat+Express/@-2.600859,140.638041,17z/data=!4m8!3m7!1s0x686cee0cb380d131:0x1c01c95e5ce557fe!8m2!3d-2.600859!4d140.638041!9m1!1b1!16s%2Fg%2F11c32jpmnm?authuser=0&hl=id&entry=ttu&g_ep=EgoyMDI1MDExNS4wIKXMDSoASAFQAw%3D%3D"
Sicepat,Papua Tengah,"https://www.google.com/maps/place/SiCepat+Ekspres+Nabire/@-3.3548038,135.5072835,17z/data=!4m8!3m7!1s0x681fa30b6452ad0f:0xb9d95364681d0c1c!8m2!3d-3.3548092!4d135.5098584!9m1!1b1!16s%2Fg%2F11pdmnykcw?authuser=0&hl=id&entry=ttu&g_ep=EgoyMDI1MDExNS4wIKXMDSoASAFQAw%3D%3D"
Sicepat,Papua Pegunungan,"https://www.google.com/maps/place/Sicepat+Wamena/@-4.0907037,138.9456071,17z/data=!4m8!3m7!1s0x683e6dcc3ad0af3f:0xf4999cb2427162cc!8m2!3d-4.0907037!4d138.9456071!9m1!1b1!16s%2Fg%2F11rkn60wxy?authuser=0&hl=id&entry=ttu&g_ep=EgoyMDI1MDExNS4wIKXMDSoASAFQAw%3D%3D"
Sicepat,Papua Selatan,"https://www.google.com/maps/place/SiCepat+Ekspres+Merauke/@-8.5068019,140.4004086,17z/data=!4m8!3m7!1s0x69b5152afa373053:0x1fa5ae1329cc5620!8m2!3d-8.5068072!4d140.4029835!9m1!1b1!16s%2Fg%2F11kvztthw3?authuser=0&hl=id&entry=ttu&g_ep=EgoyMDI1MDExNS4wIKXMDSoASAFQAw%3D%3D"
Sicepat,Papua Barat Daya,"https://www.google.com/maps/place/SiCepat+Ekspres+Sorong/@-0.888996,131.298603,17z/data=!4m8!3m7!1s0x2d59558ed5428e1b:0x2ac9eb3c0eb33d86!8m2!3d-0.888996!4d131.298603!9m1!1b1!16s%2Fg%2F11rjqmbzq2?authuser=0&hl=id&entry=ttu&g_ep=EgoyMDI1MDExNS4wIKXMDSoASAFQAw%3D%3D"